Year,Rk,Player Name,Team Name,Team Rank,Pos,Pos2,Wt,Bats,Throws,Born Date,Place Of Birth,DraftYear,Round,Pick,Team,HiLvl,RookieYear,LastMLBSeasonToDate,BATop100,BATeam,BPTop100,FGTop100,MLBPipelineTop100,MLBPipelineTeam,Made_MLB
2010,1,Jason Heyward,Atlanta Braves,1,RF-OF,RF,220,L,L,8/9/89,"McDonough,GA",2007,1,14,ATL,MLB,2010,2020,1,1,NA,NA,NA,NA,1
2010,3,Giancarlo Stanton,Florida Marlins,1,DH-OF,RF,210,R,R,11/8/89,"Panorama City,CA",2007,2,76,MIA,MLB,2010,2020,3,1,NA,NA,NA,NA,1
2010,7,Buster Posey,San Francisco Giants,1,C-1B-,C,205,R,R,3/27/87,"Leesburg,GA",2008,1,5,SFN,MLB,2009,2019,7,1,NA,NA,NA,NA,1
2010,8,Pedro Alvarez,Pittsburgh Pirates,1,DH-3B,3B,225,L,R,2/6/87,"New York,NY",2008,1,2,PIT,MLB,2010,2018,8,1,NA,NA,NA,NA,1
2010,10,Carlos Santana,Cleveland Indians,1,1B-DH,1B,170,B,R,4/8/86,"Santo Domingo,DR",2004,0,0,LAN,MLB,2010,2020,10,1,NA,NA,NA,NA,1
2010,12,Alcides Escobar,Milwaukee Brewers,1,SS-3B,SS,155,R,R,12/16/86,"La Sabana,VZ",2003,0,0,MIL,MLB,2008,2018,12,1,NA,NA,NA,NA,1
2010,13,Justin Smoak,Texas Rangers,2,1B-DH,1B,220,B,L,12/5/86,"Goose Creek,SC",2008,1,11,TEX,MLB,2010,2020,13,2,NA,NA,NA,NA,1
2010,16,Starlin Castro,Chicago Cubs,1,2B-3B,2B,220,R,R,3/24/90,"Monte Cristi,DR",2006,0,0,CHN,MLB,2010,2020,16,1,NA,NA,NA,NA,1
2010,20,Logan Morrison,Florida Marlins,2,1B-DH,1B,245,L,L,8/25/87,"Kansas City,MO",2005,22,666,MIA,MLB,2010,2020,20,2,NA,NA,NA,NA,1
2010,27,Brett Wallace,Toronto Blue Jays,---,1B-3B,1B,235,L,R,8/26/86,"Marin,CA",2008,1,13,SLN,MLB,2010,2016,27,NA,NA,NA,NA,NA,1
2010,30,Michael Saunders,Seattle Mariners,2,RF-LF,RF,205,L,R,11/19/86,"Victoria,BC",2004,11,333,SEA,MLB,2009,2017,30,2,NA,NA,NA,NA,1
2010,41,Jason Castro,Houston Astros,1,C,C,210,L,R,6/18/87,"Castro Valley,CA",2008,1,10,HOU,MLB,2010,2020,41,1,NA,NA,NA,NA,1
2010,43,Todd Frazier,Cincinnati Reds,1,3B-1B,3B,215,R,R,2/12/86,"Toms River,NJ",2007,1,34,CIN,MLB,2011,2020,43,1,NA,NA,NA,NA,1
2010,54,Reid Brignac,Tampa Bay Rays,5,SS-2B,SS,170,L,R,1/16/86,"St. Amant,LA",2004,2,45,TBA,MLB,2008,2016,54,5,NA,NA,NA,NA,1
2010,60,Tyler Flowers,Chicago White Sox,2,C-DH,C,260,R,R,1/24/86,"Roswell,GA",2005,33,1007,ATL,MLB,2009,2020,60,2,NA,NA,NA,NA,1
2010,62,Ike Davis,New York Mets,4,1B-P,1B,215,L,L,3/22/87,"Edina,MN",2008,1,18,NYN,MLB,2010,2016,62,4,NA,NA,NA,NA,1
2010,67,Tim Beckham,Tampa Bay Rays,6,SS-3B,SS,188,R,R,1/27/90,"Griffin,GA",2008,1,1,TBA,MLB,2013,2019,67,6,NA,NA,NA,NA,1
2010,70,Josh Vitters,Chicago Cubs,3,3B-LF,3B,200,R,R,8/27/89,"Anaheim,CA",2007,1,3,CHN,MLB,2012,2012,70,3,NA,NA,NA,NA,1
2010,75,Josh Reddick,Boston Red Sox,3,RF-OF,RF,180,L,R,2/19/87,"Guyton,GA",2006,17,523,BOS,MLB,2009,2020,75,3,NA,NA,NA,NA,1
2010,76,Austin Jackson,Detroit Tigers,3,OF-CF,CF,185,R,R,2/1/87,"Denton,TX",2005,8,259,NYA,MLB,2010,2018,76,3,NA,NA,NA,NA,1
2010,77,Fernando Martinez,New York Mets,3,OF-RF,RF,190,L,R,10/10/88,"Rio San Juan,DR",2005,0,0,NYN,MLB,2009,2013,77,3,NA,NA,NA,NA,1
2010,82,Jaff Decker,San Diego Padres,4,RF-CF,RF,190,L,L,2/23/90,"Peoria,AZ",2008,1,42,SDN,MLB,2013,2017,82,4,NA,NA,NA,NA,1
2010,83,Adam Moore,Seattle Mariners,3,C-1B,C,210,R,R,5/8/84,"Longview,TX",2006,6,171,SEA,MLB,2009,2018,83,3,NA,NA,NA,NA,1
2010,84,Hank Conger,Los Angeles Angels,1,C-DH,C,205,B,R,1/29/88,"Federal Way,WA",2006,1,25,ANA,MLB,2010,2016,84,1,NA,NA,NA,NA,1
2010,87,Lars Anderson,Boston Red Sox,4,1B-LF,1B,215,L,L,9/25/87,"Oakland,CA",2006,18,553,BOS,MLB,2010,2012,87,4,NA,NA,NA,NA,1
2010,89,Mat Gamel,Milwaukee Brewers,3,3B-1B,3B,205,L,R,7/26/85,"Jacksonville,FL",2005,4,115,MIL,MLB,2008,2012,89,3,NA,NA,NA,NA,1
2010,90,James Darnell,San Diego Padres,3,3B-LF,3B,195,R,R,1/19/87,"Danville,CA",2008,2,69,SDN,MLB,2011,2012,90,3,NA,NA,NA,NA,1
2010,96,Thomas Neal,San Francisco Giants,4,LF-RF,LF,205,R,R,8/17/87,"Inglewood,CA",2005,36,1092,SFN,MLB,2012,2013,96,4,NA,NA,NA,NA,1
2010,97,Peter Bourjos,Los Angeles Angels,2,CF-LF,CF,195,R,R,3/31/87,"Chicago,IL",2005,10,313,ANA,MLB,2010,2019,97,2,NA,NA,NA,NA,1
2010,21,Ryan Westmoreland,Boston Red Sox,1,LF,LF,195,L,R,4/27/90,"Newport,RI",2008,5,172,BOS,A-,NA,NA,21,1,NA,NA,NA,NA,0
2010,53,Donavan Tate,San Diego Padres,1,CF-LF,CF,184,R,R,9/27/90,"Cartersville,GA",2009,1,3,SDN,A+,NA,NA,53,1,NA,NA,NA,NA,0
2010,55,Jared Mitchell,Chicago White Sox,1,CF-LF,CF,190,L,L,10/13/88,"New Iberia,LA",2009,1,23,CHA,AAA,NA,NA,55,1,NA,NA,NA,NA,0
2010,73,Jio Mier,Houston Astros,2,SS-3B,SS,180,R,R,8/26/90,"Pomona,CA",2009,1,21,HOU,AAA,NA,NA,73,2,NA,NA,NA,NA,0
2011,4,Domonic Brown,Philadelphia Phillies,1,RF-LF,RF,204,L,L,9/3/87,"Lithonia,GA",2006,20,607,PHI,MLB,2010,2015,4,1,NA,NA,NA,NA,1
2011,8,Eric Hosmer,Kansas City Royals,1,1B-DH,1B,215,L,L,10/24/89,"Cooper City,FL",2008,1,3,KCA,MLB,2011,2020,8,1,NA,NA,NA,NA,1
2011,9,Mike Moustakas,Kansas City Royals,3,3B-2B,3B,195,L,R,9/11/88,"Los Angeles,CA",2007,1,2,KCA,MLB,2011,2020,9,3,NA,NA,NA,NA,1
2011,12,Dustin Ackley,Seattle Mariners,1,LF-2B,LF,182,L,R,2/26/88,"Winston-Salem,NC",2009,1,2,SEA,MLB,2011,2016,12,1,NA,NA,NA,NA,1
2011,17,Freddie Freeman,Atlanta Braves,2,1B,1B,220,L,R,9/12/89,"Orange,CA",2007,2,78,ATL,MLB,2010,2020,17,2,NA,NA,NA,NA,1
2011,22,Desmond Jennings,Tampa Bay Rays,3,CF-LF,CF,180,R,R,10/30/86,"Birmingham,AL",2006,10,289,TBA,MLB,2010,2016,22,3,NA,NA,NA,NA,1
2011,23,Brandon Belt,San Francisco Giants,1,1B-LF,1B,185,L,L,4/20/88,"Nacogdoches,TX",2009,5,147,SFN,MLB,2011,2020,23,1,NA,NA,NA,NA,1
2011,25,Lonnie Chisenhall,Cleveland Indians,1,RF-OF,RF,200,L,R,10/4/88,"Morehead City,NC",2008,1,29,CLE,MLB,2011,2018,25,1,NA,NA,NA,NA,1
2011,26,Dee Strange-Gordon,Los Angeles Dodgers,1,2B-CF,2B,150,L,R,4/22/88,"Windermere,FL",2008,4,127,LAN,MLB,2011,2020,26,1,NA,NA,NA,NA,1
2011,29,Kyle Drabek,Toronto Blue Jays,1,P-3B,3B,190,R,R,12/8/87,"Victoria,TX",2006,1,18,PHI,MLB,2010,2016,29,1,NA,NA,NA,NA,1
2011,40,Brett Lawrie,Toronto Blue Jays,---,3B-2B,3B,200,R,R,1/18/90,"Langley,BC",2008,1,16,MIL,MLB,2011,2016,40,NA,NA,NA,NA,NA,1
2011,46,Tony Sanchez,Pittsburgh Pirates,2,C-LF,C,220,R,R,5/20/88,"Miami,FL",2009,1,4,PIT,MLB,2013,2017,46,2,NA,NA,NA,NA,1
2011,51,Christian Colon,Kansas City Royals,6,3B-2B,3B,180,R,R,5/14/89,"Cayey,PR",2010,1,4,KCA,MLB,2014,2020,51,6,NA,NA,NA,NA,1
2011,54,Jason Kipnis,Cleveland Indians,3,2B-CF,2B,175,L,R,4/3/87,"Evanston,IL",2009,2,63,CLE,MLB,2011,2020,54,3,NA,NA,NA,NA,1
2011,59,Wilmer Flores,New York Mets,2,1B-2B,1B,175,R,R,8/6/91,"Valencia,VZ",2007,0,0,NYN,MLB,2013,2020,59,2,NA,NA,NA,NA,1
2011,63,Grant Green,Oakland Athletics,1,SS-2B,SS,170,R,R,9/27/87,"Anaheim Hills,CA",2009,1,13,OAK,MLB,2013,2017,63,1,NA,NA,NA,NA,1
2011,66,Danny Espinosa,Washington Nationals,3,SS-2B,SS,190,B,R,4/25/87,"Santa Ana,CA",2008,3,87,WAS,MLB,2010,2017,66,3,NA,NA,NA,NA,1
2011,72,Derek Norris,Washington Nationals,2,C-1B,C,210,R,R,2/14/89,"Goddard,KS",2007,4,130,WAS,MLB,2012,2017,72,2,NA,NA,NA,NA,1
2011,77,Cesar Puello,New York Mets,3,LF-RF,LF,220,R,R,4/1/91,"La Romana,DR",2007,0,0,NYN,MLB,2017,2020,77,3,NA,NA,NA,NA,1
2011,81,Matt Dominguez,Florida Marlins,1,3B-1B,3B,185,R,R,8/28/89,"Chatsworth,CA",2007,1,12,MIA,MLB,2011,2016,81,1,NA,NA,NA,NA,1
2011,85,Brent Morel,Chicago White Sox,2,3B-1B,3B,220,R,R,4/21/87,"Bakersfield,CA",2008,3,86,CHA,MLB,2010,2015,85,2,NA,NA,NA,NA,1
2011,91,Chris Carter,Oakland Athletics,2,1B,1B,220,R,R,12/18/86,"Redwood City,CA",2005,15,455,CHA,MLB,2010,2017,91,2,NA,NA,NA,NA,1
2011,94,Jonathan Villar,Houston Astros,3,2B-SS,2B,180,B,R,5/2/91,"La Vega,DR",2008,0,0,PHI,MLB,2013,2020,94,3,NA,NA,NA,NA,1
2011,96,Wilson Ramos,Washington Nationals,5,C-DH,C,178,R,R,8/10/87,"Valencia,VZ",2004,0,0,MIN,MLB,2010,2020,96,5,NA,NA,NA,NA,1
2011,97,Drake Britton,Boston Red Sox,5,P-DH,1B,200,L,L,5/22/89,"Magnolia,TX",2007,23,714,BOS,MLB,2013,2014,97,5,NA,NA,NA,NA,1
2011,98,Austin Romine,New York Yankees,6,C-P,C,195,R,R,11/22/88,"Lake Forest,CA",2007,2,94,NYA,MLB,2011,2020,98,6,NA,NA,NA,NA,1
2011,52,Jose Iglesias,Boston Red Sox,2,SS,SS,220,R,R,9/28/87,"Miami,FL",NA,NA,NA,NA,NCAA,NA,NA,52,2,NA,NA,NA,NA,0
2011,88,Josh Sale,Tampa Bay Rays,5,LF-RF,LF,215,L,R,7/5/91,"Seattle,WA",2010,1,17,TBA,A+,NA,NA,88,5,NA,NA,NA,NA,0
2012,1,Bryce Harper,Washington Nationals,1,RF-OF,RF,205,L,R,10/16/92,"Las Vegas,NV",2010,1,1,WAS,MLB,2012,2020,1,1,NA,NA,NA,NA,1
2012,3,Mike Trout,Los Angeles Angels,1,CF-OF,CF,200,R,R,8/7/91,"Millville,NJ",2009,1,25,ANA,MLB,2011,2020,3,1,NA,NA,NA,NA,1
2012,6,Jesus Montero,Seattle Mariners,1,C-1B,C,225,R,R,11/29/89,"Guacara,VZ",2006,0,0,NYA,MLB,2011,2015,6,1,1,NA,NA,NA,1
2012,11,Manny Machado,Baltimore Orioles,2,SS-3B,SS,185,R,R,7/6/92,"Hialeah,FL",2010,1,3,BAL,MLB,2012,2020,11,2,NA,NA,NA,NA,1
2012,14,Yoenis Cespedes,Oakland Athletics,---,LF-OF,LF,200,R,R,10/10/85,"Granma,CU",2012,0,0,OAK,MLB,2012,2020,14,NA,NA,NA,NA,NA,1
2012,16,Devin Mesoraco,Cincinnati Reds,1,C-1B-,C,200,R,R,6/19/88,"DuBois,PA",2007,1,15,CIN,MLB,2011,2018,16,1,NA,NA,NA,NA,1
2012,32,Brett Jackson,Chicago Cubs,1,CF-RF,CF,210,L,R,8/2/88,"Berkeley,CA",2009,1,31,CHN,MLB,2012,2014,32,1,NA,NA,NA,NA,1
2012,33,Yonder Alonso,San Diego Padres,3,1B-DH,1B,215,L,R,4/8/87,"Miami,FL",2008,1,7,CIN,MLB,2010,2019,33,3,NA,NA,NA,NA,1
2012,38,Gary Brown,San Francisco Giants,1,CF-LF,CF,170,R,R,9/28/88,"Upland,CA",2010,1,24,SFN,MLB,2014,2014,38,1,NA,NA,NA,NA,1
2012,39,Anthony Gose,Toronto Blue Jays,2,P-CF-,CF,190,L,L,8/10/90,"Bellflower,CA",2008,2,51,PHI,MLB,2012,2016,39,2,NA,NA,NA,NA,1
2012,47,Anthony Rizzo,Chicago Cubs,1,1B-2B,1B,220,L,L,8/8/89,"Fort Lauderdale,FL",2007,6,204,BOS,MLB,2011,2020,47,1,NA,NA,NA,NA,1
2012,49,Rymer Liriano,San Diego Padres,2,RF-LF,RF,211,R,R,6/20/91,"Santo Domingo,DR",2007,0,0,SDN,MLB,2014,2017,49,2,NA,NA,NA,NA,1
2012,51,Will Middlebrooks,Boston Red Sox,1,3B-1B,3B,197,R,R,9/9/88,"Greenville,TX",2007,5,174,BOS,MLB,2012,2017,51,1,NA,NA,NA,NA,1
2012,53,Yasmani Grandal,San Diego Padres,4,C-1B-,C,215,B,R,11/8/88,"Miami,FL",2010,1,12,CIN,MLB,2012,2020,53,4,NA,NA,NA,NA,1
2012,55,Jean Segura,Los Angeles Angels,2,SS,SS,155,R,R,3/17/90,"San Juan,DR",2007,0,0,ANA,MLB,2012,2020,55,2,NA,NA,NA,NA,1
2012,64,Matt Szczur,Chicago Cubs,3,RF-LF,RF,190,R,R,7/20/89,"Cape May,NJ",2010,5,160,CHN,MLB,2014,2018,64,3,NA,NA,NA,NA,1
2012,73,Starling Marte,Pittsburgh Pirates,4,CF-OF,CF,190,R,R,10/9/88,"Santo Domingo,DR",2006,0,0,PIT,MLB,2012,2020,73,4,NA,NA,NA,NA,1
2012,75,Zack Cozart,Cincinnati Reds,5,3B-SS,3B,185,R,R,8/12/85,"Memphis,TN",2007,2,79,CIN,MLB,2011,2019,75,5,NA,NA,NA,NA,1
2012,78,Cory Spangenberg,San Diego Padres,4,2B-3B,2B,184,L,R,3/16/91,"Clarks Summit,PA",2011,1,10,SDN,MLB,2014,2019,78,4,NA,NA,NA,NA,1
2012,82,Jonathan Schoop,Baltimore Orioles,3,2B-SS,2B,187,R,R,10/6/91,"Willemstad,CC",2008,0,0,BAL,MLB,2013,2020,82,3,NA,NA,NA,NA,1
2012,84,Cheslor Cuthbert,Kansas City Royals,5,1B-3B,1B,190,R,R,11/16/92,"Corneta,NI",2009,0,0,KCA,MLB,2015,2020,84,5,NA,NA,NA,NA,1
2012,87,Wilin Rosario,Colorado Rockies,4,1B-C-,1B,175,R,R,2/23/89,"Bonao,DR",2006,0,0,COL,MLB,2011,2015,87,4,NA,NA,NA,NA,1
2012,92,Andrelton Simmons,Atlanta Braves,4,SS-DH,SS,170,R,R,9/4/89,"Mundo Nobo,NA",2010,2,70,ATL,MLB,2012,2020,92,4,NA,NA,NA,NA,1
2012,99,Joe Benson,Detroit Tigers,2,CF-RF,CF,210,R,R,3/5/88,"Joliet,IL",2006,2,64,MIN,MLB,2011,2011,99,2,NA,NA,NA,NA,1
2012,100,Christian Villanueva,Texas Rangers,9,3B-SS,3B,160,R,R,6/19/91,"Guadalajara,MX",2008,0,0,TEX,MLB,2017,2018,100,9,NA,NA,NA,NA,1
2012,88,Zack Cox,St. Louis Cardinals,4,3B-2B,3B,215,L,R,5/9/89,"Louisville,KY",2010,1,25,SLN,AAA,NA,NA,88,4,NA,NA,NA,NA,0
2013,1,Jurickson Profar,Texas Rangers,1,2B-SS,2B,165,B,R,2/20/93,"Willemstad,CC",2009,0,0,TEX,MLB,2012,2020,1,1,NA,NA,NA,NA,1
2013,4,Wil Myers,Tampa Bay Rays,1,LF-CF,LF,190,R,R,12/10/90,"Thomasville,NC",2009,3,91,KCA,MLB,2013,2020,4,1,NA,NA,NA,NA,1
2013,15,Christian Yelich,Miami Marlins,2,RF-OF,RF,195,L,R,12/5/91,"Thousand Oaks,CA",2010,1,23,MIA,MLB,2013,2020,15,2,NA,NA,NA,NA,1
2013,17,Mike Zunino,Seattle Mariners,1,C-DH,C,220,R,R,3/25/91,"Cape Coral,FL",2012,1,3,SEA,MLB,2013,2020,17,1,NA,NA,NA,NA,1
2013,22,Mike Olt,Texas Rangers,2,3B-1B,3B,190,R,R,8/27/88,"Branford,CT",2010,1,49,TEX,MLB,2012,2015,22,2,NA,NA,NA,NA,1
2013,30,Anthony Rendon,Washington Nationals,1,3B-2B,3B,170,R,R,6/6/90,"Houston,TX",2011,1,6,WAS,MLB,2013,2020,30,1,NA,NA,NA,NA,1
2013,32,Mason Williams,New York Yankees,1,CF-RF,RF,150,L,R,8/21/91,"Winter Garden,FL",2010,4,145,NYA,MLB,2015,2020,32,1,NA,NA,NA,NA,1
2013,35,Bubba Starling,Kansas City Royals,2,CF-RF,CF,180,R,R,8/3/92,"Gardner,KS",2011,1,5,KCA,MLB,2019,2020,35,2,NA,NA,NA,NA,1
2013,41,Oswaldo Arcia,Minnesota Twins,3,RF-LF,RF,210,B,R,5/9/91,"Anaco,VZ",2007,0,0,MIN,MLB,2013,2016,41,3,NA,NA,NA,NA,1
2013,47,Yasiel Puig,Los Angeles Dodgers,2,RF-OF,RF,245,R,R,12/7/90,"Cienfuegos,CU",2012,0,0,LAN,MLB,2013,2019,47,2,NA,NA,NA,NA,1
2013,52,Nolan Arenado,Colorado Rockies,1,3B-DH,3B,205,R,R,4/16/91,"Lake Forest,CA",2009,2,59,COL,MLB,2013,2020,52,1,NA,NA,NA,NA,1
2013,60,Kaleb Cowart,Los Angeles Angels,1,3B-SS,3B,190,B,R,6/2/92,"Adel,GA",2010,1,18,ANA,MLB,2015,2019,60,1,NA,NA,NA,NA,1
2013,63,Slade Heathcott,New York Yankees,2,1B-LF,1B,190,L,L,9/28/90,"Lake Charles,LA",2009,1,29,NYA,MLB,2015,2015,63,2,NA,NA,NA,NA,1
2013,70,Brian Goodwin,Washington Nationals,3,LF-CF,LF,190,L,R,11/2/90,"Rocky Mount,NC",2011,1,34,WAS,MLB,2016,2020,70,3,NA,NA,NA,NA,1
2013,71,Jedd Gyorko,San Diego Padres,3,3B-2B,3B,215,R,R,9/23/88,"Morgantown,WV",2010,2,59,SDN,MLB,2013,2020,71,3,NA,NA,NA,NA,1
2013,72,Aaron Hicks,Minnesota Twins,6,CF-OF,CF,170,B,R,10/2/89,"Long Beach,CA",2008,1,14,MIN,MLB,2013,2020,72,6,NA,NA,NA,NA,1
2013,73,Adam Eaton,Arizona Diamondbacks,3,RF-OF,RF,163,L,L,12/6/88,"Springfield,OH",2010,19,571,ARI,MLB,2012,2020,73,3,NA,NA,NA,NA,1
2013,74,Avisail Garcia,Detroit Tigers,2,RF-OF,RF,190,R,R,6/12/91,"Anaco Edo,VZ",2007,0,0,DET,MLB,2012,2020,74,2,NA,NA,NA,NA,1
2013,75,Marcell Ozuna,Miami Marlins,5,LF-OF,LF,225,R,R,11/12/90,"Santo Domingo,DR",2008,0,0,MIA,MLB,2013,2020,75,5,NA,NA,NA,NA,1
2013,77,Tyler Austin,New York Yankees,4,1B-DH,1B,200,R,R,9/6/91,"Conyers,GA",2010,13,415,NYA,MLB,2016,2019,77,4,NA,NA,NA,NA,1
2013,79,Nick Franklin,Seattle Mariners,5,2B-SS,2B,180,B,R,3/2/91,"Longwood,FL",2009,1,27,SEA,MLB,2013,2018,79,5,NA,NA,NA,NA,1
2013,80,Didi Gregorius,Arizona Diamondbacks,5,SS-DH,SS,152,L,R,2/18/90,"Amsterdam,NT",2007,0,0,CIN,MLB,2012,2020,80,5,NA,NA,NA,NA,1
2013,96,Trevor Story,Colorado Rockies,3,SS,SS,175,R,R,11/15/92,"Irving,TX",2011,1,45,COL,MLB,2016,2020,96,3,NA,NA,NA,NA,1
2013,97,Leonys Martin,Texas Rangers,4,CF-OF,CF,180,L,R,3/6/88,"Villa Clara,CU",2011,0,0,TEX,MLB,2011,2019,97,4,NA,NA,NA,NA,1
2013,99,Delino Deshields,Houston Astros,6,CF-OF,CF,188,R,R,8/16/92,"Norcross,GA",2010,1,8,HOU,MLB,2015,2020,99,6,NA,NA,NA,NA,1
2013,100,Roman Quinn,Philadelphia Phillies,2,CF-OF,CF,170,R,R,5/14/93,"Port St. Joe,FL",2011,2,66,PHI,MLB,2016,2020,100,2,NA,NA,NA,NA,1
2013,55,Courtney Hawkins,Chicago White Sox,1,LF-CF,LF,220,R,R,11/12/93,"Corpus Christi,TX",2012,1,13,CHA,AAA,NA,NA,55,1,NA,NA,NA,NA,0
2013,90,Hak-Ju Lee,Tampa Bay Rays,4,SS-3B,SS,175,L,R,11/4/90,"Seoul,KR",NA,NA,NA,NA,AAA,NA,NA,90,4,NA,NA,NA,NA,0
2014,2,Xander Bogaerts,Boston Red Sox,1,SS-DH,SS,218,R,R,10/1/92,"San Nicolas,AA",2009,0,0,BOS,MLB,2013,2020,2,1,NA,NA,NA,NA,1
2014,3,Oscar Taveras,St. Louis Cardinals,1,CF-RF,RF,180,L,L,6/19/92,"Puerto Plata,DR",2008,0,0,SLN,MLB,2014,2014,3,1,NA,NA,NA,NA,1
2014,5,Javier Baez,Chicago Cubs,1,SS-2B,SS,180,R,R,12/1/92,"Toa Baja,PR",2011,1,9,CHN,MLB,2014,2020,5,1,NA,NA,NA,NA,1
2014,10,Gregory Polanco,Pittsburgh Pirates,1,RF-OF,RF,220,L,L,9/14/91,"Santo Domingo,DR",2009,0,0,PIT,MLB,2014,2020,10,1,NA,NA,NA,NA,1
2014,18,George Springer,Philadelphia Phillies,2,CF-RF,CF,205,R,R,9/19/89,"New Britain,CT",2011,1,11,HOU,MLB,2014,2020,18,2,NA,NA,NA,NA,1
2014,25,Nick Castellanos,Detroit Tigers,1,RF-OF,RF,195,R,R,3/4/92,"Davie,FL",2010,1,44,DET,MLB,2013,2020,25,1,NA,NA,NA,NA,1
2014,27,Austin Hedges,San Diego Padres,1,C-3B-,C,190,R,R,8/18/92,"San Juan Capistrano,CA",2011,2,82,SDN,MLB,2015,2020,27,1,NA,NA,NA,NA,1
2014,29,Jose Abreu,Chicago White Sox,1,1B-DH,1B,258,R,R,1/29/87,"Cruces,CU",2013,0,0,CHA,MLB,2014,2020,29,1,NA,NA,NA,NA,1
2014,38,Travis D'Arnaud,New York Mets,2,C-1B-,C,210,R,R,2/10/89,"Lakewood,CA",2007,1,37,PHI,MLB,2013,2020,38,2,NA,NA,NA,NA,1
2014,42,Rougned Odor,Texas Rangers,1,2B-DH,2B,170,L,R,2/3/94,"Maracaibo,VZ",2011,0,0,TEX,MLB,2014,2020,42,1,NA,NA,NA,NA,1
2014,43,Billy Hamilton,Cincinnati Reds,2,CF-OF,CF,160,B,R,9/9/90,"Taylorsville,MS",2009,2,57,CIN,MLB,2013,2020,43,2,NA,NA,NA,NA,1
2014,50,Jackie Bradley,Boston Red Sox,3,CF-OF,CF,196,L,R,4/19/90,"Prince George,VA",2011,1,40,BOS,MLB,2013,2020,50,3,NA,NA,NA,NA,1
2014,58,Kolten Wong,St. Louis Cardinals,3,2B,2B,175,L,R,10/10/90,"Hilo,HI",2011,1,22,SLN,MLB,2013,2020,58,3,NA,NA,NA,NA,1
2014,61,Colin Moran,Miami Marlins,2,3B-2B,3B,200,L,R,10/1/92,"Port Chester,NY",2013,1,6,MIA,MLB,2016,2020,61,2,NA,NA,NA,NA,1
2014,66,Chris Owings,Arizona Diamondbacks,3,OF-2B,2B,170,R,R,8/12/91,"Leesville,SC",2009,1,41,ARI,MLB,2013,2020,66,3,NA,NA,NA,NA,1
2014,69,Christian Bethancourt,Atlanta Braves,2,C-1B,C,175,R,R,9/2/91,"Panama City,PN",2008,0,0,ATL,MLB,2013,2017,69,2,NA,NA,NA,NA,1
2014,72,Matt Davidson,Chicago White Sox,4,1B-DH,1B,210,R,R,3/26/91,"Yucaipa,CA",2009,1,35,ARI,MLB,2013,2020,72,4,4,NA,NA,NA,1
2014,74,Garin Cecchini,Boston Red Sox,6,3B-1B,3B,215,L,R,4/20/91,"Lake Charles,LA",2010,4,143,BOS,MLB,2014,2015,74,6,NA,NA,NA,NA,1
2014,75,Mookie Betts,Boston Red Sox,7,RF-OF,RF,156,R,R,10/7/92,"Brentwood,TN",2011,5,172,BOS,MLB,2014,2020,75,7,NA,NA,NA,NA,1
2014,76,Alen Hanson,Pittsburgh Pirates,6,2B-3B,2B,152,B,R,10/22/92,"La Romana,DR",2009,0,0,PIT,MLB,2016,2019,76,6,NA,NA,NA,NA,1
2014,79,Jake Marisnick,Miami Marlins,3,CF-OF,CF,200,R,R,3/30/91,"Riverside,CA",2009,3,104,TOR,MLB,2013,2020,79,3,NA,NA,NA,NA,1
2014,82,Jonathan Singleton,Houston Astros,7,1B-LF,1B,215,L,L,9/18/91,"Lakewood,CA",2009,8,257,PHI,MLB,2014,2015,82,7,NA,NA,NA,NA,1
2014,84,Devon Travis,Detroit Tigers,2,2B,2B,183,R,R,2/21/91,"Wellington,FL",2012,13,424,DET,MLB,2015,2018,84,2,NA,NA,NA,NA,1
2014,86,Rosell Herrera,Colorado Rockies,3,RF-CF,RF,180,B,R,10/16/92,"Santo Domingo,DR",2009,0,0,COL,MLB,2018,2019,86,3,NA,NA,NA,NA,1
2014,90,Jorge Bonifacio,Kansas City Royals,4,RF-LF,RF,192,R,R,6/4/93,"Santo Domingo,DR",2009,0,0,KCA,MLB,2017,2020,90,4,NA,NA,NA,NA,1
2014,91,Marcus Semien,Chicago White Sox,5,SS,SS,175,R,R,9/17/90,"El Cerrito,CA",2011,6,201,CHA,MLB,2013,2020,91,5,NA,NA,NA,NA,1
2014,98,Michael Choice,Texas Rangers,3,CF-LF,CF,190,R,R,11/10/89,"Mansfield,TX",2010,1,10,OAK,MLB,2013,2015,98,3,NA,NA,NA,NA,1
2014,100,Arismendy Alcantara,Chicago Cubs,7,2B-LF,2B,160,B,R,10/29/91,"Santo Domingo,DR",2009,0,0,CHN,MLB,2014,2017,100,7,NA,NA,NA,NA,1
2014,89,Trey Ball,Boston Red Sox,10,P-LF,LF,175,L,L,6/27/94,"New Castle,IN",2013,1,7,BOS,AA,NA,NA,89,10,NA,NA,NA,NA,0
2014,93,Taylor Lindsey,Los Angeles Angels,1,2B-1B,2B,195,L,R,12/2/91,"Scottsdale,AZ",2010,1,37,ANA,AAA,NA,NA,93,1,NA,NA,NA,NA,0
2015,1,Kris Bryant,Chicago Cubs,1,3B-RF,3B,205,R,R,1/4/92,"Las Vegas,NV",2013,1,2,CHN,MLB,2015,2020,1,1,NA,NA,NA,NA,1
2015,3,Addison Russell,Chicago Cubs,2,SS-2B,SS,215,R,R,1/23/94,"Pace,FL",2012,1,11,OAK,MLB,2015,2019,3,2,NA,NA,NA,NA,1
2015,4,Carlos Correa,Houston Astros,1,SS-DH,SS,190,R,R,9/22/94,"Santa Isabel,PR",2012,1,1,HOU,MLB,2015,2020,4,1,NA,NA,NA,NA,1
2015,8,Joc Pederson,Los Angeles Dodgers,2,LF-OF,LF,185,L,L,4/21/92,"Palo Alto,CA",2010,11,352,LAN,MLB,2014,2020,8,2,NA,NA,NA,NA,1
2015,9,Francisco Lindor,Cleveland Indians,1,SS-DH,SS,175,B,R,11/14/93,"Caguas,PR",2011,1,8,CLE,MLB,2015,2020,9,1,NA,NA,NA,NA,1
2015,12,Jorge Soler,Chicago Cubs,3,DH-RF,RF,205,R,R,2/25/92,"Havana,CU",2012,0,0,CHN,MLB,2014,2020,12,3,NA,NA,NA,NA,1
2015,13,Miguel Sano,Minnesota Twins,2,3B-1B,3B,195,R,R,5/11/93,"San Pedro de Macoris,DR",2009,0,0,MIN,MLB,2015,2020,13,2,NA,NA,NA,NA,1
2015,17,Blake Swihart,Boston Red Sox,1,RF-C-,C,175,B,R,4/3/92,"Rio Rancho,NM",2011,1,26,BOS,MLB,2015,2019,17,1,NA,NA,NA,NA,1
2015,19,Kyle Schwarber,Chicago Cubs,4,LF-OF,LF,230,L,R,3/5/93,"Middletown,OH",2014,1,4,CHN,MLB,2015,2020,19,4,NA,NA,NA,NA,1
2015,20,Alex Jackson,Seattle Mariners,1,C,C,215,R,R,12/25/95,"Escondido,CA",2014,1,6,SEA,MLB,2019,2020,20,1,NA,NA,NA,NA,1
2015,21,Rusney Castillo,Boston Red Sox,3,CF-RF,RF,186,R,R,9/7/87,"Ciego De Avila,CU",2014,0,0,BOS,MLB,2014,2016,21,3,NA,NA,NA,NA,1
2015,30,Dalton Pompey,Toronto Blue Jays,4,LF-RF,LF,170,B,R,12/11/92,"Mississauga,ON",2010,16,486,TOR,MLB,2014,2018,30,4,NA,NA,NA,NA,1
2015,32,Michael Taylor,Washington Nationals,2,CF-OF,CF,190,R,R,3/26/91,"Fort Lauderdale,FL",2009,6,172,WAS,MLB,2014,2020,32,2,NA,NA,NA,NA,1
2015,37,Steven Souza,Tampa Bay Rays,5,RF-OF,RF,195,R,R,4/24/89,"Seattle,WA",2007,3,100,WAS,MLB,2014,2020,37,5,NA,NA,NA,NA,1
2015,45,Brandon Nimmo,New York Mets,3,OF-CF,LF,185,L,R,3/27/93,"Cheyenne,WY",2011,1,13,NYN,MLB,2016,2020,45,3,NA,NA,NA,NA,1
2015,46,Dilson Herrera,New York Mets,4,2B-3B,2B,150,R,R,3/3/94,"Cartagena,CB",2010,0,0,PIT,MLB,2014,2020,46,4,NA,NA,NA,NA,1
2015,56,Maikel Franco,Philadelphia Phillies,3,3B-1B,3B,180,R,R,8/26/92,"Azua,DR",2010,0,0,PHI,MLB,2014,2020,56,3,NA,NA,NA,NA,1
2015,57,Yasmany Tomas,Arizona Diamondbacks,4,LF-1B,LF,229,R,R,11/14/90,"Havana,CU",2014,0,0,ARI,MLB,2015,2019,57,4,NA,NA,NA,NA,1
2015,63,Kevin Plawecki,New York Mets,5,C-1B-,C,208,R,R,2/26/91,"Hinsdale,IL",2012,1,35,NYN,MLB,2015,2020,63,5,NA,NA,NA,NA,1
2015,66,Daniel Robertson,Tampa Bay Rays,1,2B-SS,2B,190,R,R,3/22/94,"Upland,CA",2012,1,34,OAK,MLB,2017,2020,66,1,NA,NA,NA,NA,1
2015,76,J.T. Realmuto,Miami Marlins,2,C-1B-,C,190,R,R,3/18/91,"Midwest City,OK",2010,3,104,MIA,MLB,2014,2020,76,2,NA,NA,NA,NA,1
2015,78,Jake Lamb,Arizona Diamondbacks,6,3B-1B,3B,195,L,R,10/9/90,"Seattle,WA",2012,6,213,ARI,MLB,2014,2020,78,6,NA,NA,NA,NA,1
2015,79,Stephen Piscotty,St. Louis Cardinals,3,RF-OF,RF,185,R,R,1/14/91,"Pleasanton,CA",2012,1,36,SLN,MLB,2015,2020,79,3,NA,NA,NA,NA,1
2015,80,Michael Conforto,New York Mets,7,RF-OF,RF,211,L,R,3/1/93,"Seattle,WA",2014,1,10,NYN,MLB,2015,2020,80,7,NA,NA,NA,NA,1
2015,83,Billy McKinney,Chicago Cubs,6,RF-LF,RF,195,L,L,8/23/94,"Plano,TX",2013,1,24,OAK,MLB,2018,2020,83,6,NA,NA,NA,NA,1
2015,88,Andrew Susac,San Francisco Giants,1,C,C,200,R,R,3/22/90,"Roseville,CA",2011,2,86,SFN,MLB,2014,2020,88,1,NA,NA,NA,NA,1
2015,93,Tyrone Taylor,Milwaukee Brewers,1,CF-RF,CF,185,R,R,1/22/94,"Torrance,CA",2012,2,92,MIL,MLB,2019,2020,93,1,NA,NA,NA,NA,1
2015,97,Reese McGuire,Pittsburgh Pirates,5,C,C,181,L,R,3/2/95,"Covington,WA",2013,1,14,PIT,MLB,2018,2020,97,5,NA,NA,NA,NA,1
2015,85,DJ Peterson,Seattle Mariners,2,3B-1B,3B,205,R,R,12/31/91,"Gilbert,AZ",2013,1,12,SEA,AAA,NA,NA,85,2,NA,NA,NA,NA,0
2016,1,Corey Seager,Los Angeles Dodgers,1,SS,SS,205,L,R,4/27/94,"Kannapolis,NC",2012,1,18,LAN,MLB,2015,2020,1,1,1,1,NA,NA,1
2016,2,Byron Buxton,Minnesota Twins,1,CF-OF,CF,190,R,R,12/18/93,"Baxley,GA",2012,1,2,MIN,MLB,2015,2020,2,1,2,1,NA,NA,1
2016,8,Orlando Arcia,Milwaukee Brewers,1,SS,SS,165,R,R,8/4/94,"Anaco,VZ",2010,0,0,MIL,MLB,2016,2020,8,1,6,1,NA,NA,1
2016,9,Trea Turner,Washington Nationals,2,SS,SS,160,R,R,6/30/93,"Lake Worth,FL",2014,1,13,SDN,MLB,2015,2020,9,2,11,2,NA,NA,1
2016,10,Joey Gallo,Texas Rangers,1,LF-OF,LF,205,L,R,11/19/93,"Las Vegas,NV",2012,1,39,TEX,MLB,2015,2020,10,1,9,1,NA,NA,1
2016,21,Nomar Mazara,Texas Rangers,3,RF-OF,RF,195,L,L,4/26/95,"Santo Domingo,DR",2011,0,0,TEX,MLB,2016,2020,21,3,18,2,NA,NA,1
2016,27,Nick Williams,Philadelphia Phillies,2,RF-OF,RF,195,L,L,9/8/93,"Galveston,TX",2012,2,93,TEX,MLB,2017,2019,27,2,64,3,NA,NA,1
2016,29,Adalberto Mondesi,Kansas City Royals,1,SS-2B,SS,180,R,R,7/27/95,"San Antonio,TX",2011,0,0,KCA,MLB,2016,2020,29,1,37,1,NA,NA,1
2016,30,Max Kepler,Minnesota Twins,3,RF-OF,RF,215,L,L,2/10/93,"Stuttgart,GE",2009,0,0,MIN,MLB,2015,2020,30,3,44,3,NA,NA,1
2016,36,Gary Sanchez,New York Yankees,2,C-DH,C,195,R,R,12/2/92,"Santo Domingo,DR",2009,0,0,NYA,MLB,2015,2020,36,2,59,3,NA,NA,1
2016,39,David Dahl,Colorado Rockies,2,LF-OF,LF,185,L,R,4/1/94,"Birmingham,AL",2012,1,10,COL,MLB,2016,2020,39,2,46,3,NA,NA,1
2016,42,Alex Bregman,Houston Astros,3,3B-SS,3B,180,R,R,3/30/94,"Albuquerque,NM",2015,1,2,HOU,MLB,2016,2020,42,3,22,1,NA,NA,1
2016,45,Tim Anderson,Chicago White Sox,1,SS-DH,SS,180,R,R,6/23/93,"Tuscaloosa,AL",2013,1,17,CHA,MLB,2016,2020,45,1,47,2,NA,NA,1
2016,49,Trent Grisham,Milwaukee Brewers,3,CF-RF,CF,205,L,L,11/1/96,"Fort Worth,TX",2015,1,15,MIL,MLB,2019,2020,49,3,83,5,NA,NA,1
2016,55,Hector Olivera,Atlanta Braves,4,3B-LF,3B,163,R,R,4/5/85,"Havana,CU",2014,0,0,LAN,MLB,2015,2016,55,4,NA,NA,NA,NA,1
2016,62,Christian Arroyo,San Francisco Giants,1,3B-SS,3B,210,R,R,5/30/95,"Brooksville,FL",2013,1,25,SFN,MLB,2017,2020,62,1,82,1,NA,NA,1
2016,66,Jose Peraza,Cincinnati Reds,4,SS-2B,SS,210,R,R,4/30/94,"Barinas,VZ",2010,0,0,LAN,MLB,2015,2020,66,4,71,5,NA,NA,1
2016,67,Willson Contreras,Chicago Cubs,2,C-LF-,C,175,R,R,5/13/92,"Puerto Cabello,VZ",2009,0,0,CHN,MLB,2016,2020,67,2,50,2,NA,NA,1
2016,74,Daz Cameron,Houston Astros,5,CF-RF,CF,195,R,R,1/15/97,"McDonough,GA",2015,1,37,HOU,MLB,2020,2020,74,5,75,5,NA,NA,1
2016,93,Bobby Bradley,Cleveland Indians,5,1B-DH,1B,225,L,R,5/29/96,"Gulfport,MS",2014,3,97,CLE,MLB,2019,2019,93,5,93,3,NA,NA,1
2016,94,Brandon Drury,Arizona Diamondbacks,3,3B-2B,3B,190,R,R,8/21/92,"Grants Pass,OR",2010,13,404,ATL,MLB,2015,2020,94,3,3,NA,NA,NA,1
2016,95,Harold Ramirez,Pittsburgh Pirates,5,RF-LF,RF,170,R,R,9/6/94,"Cartagena,CB",2011,0,0,PIT,MLB,2019,2020,95,5,6,NA,NA,NA,1
2016,96,Andrew Knapp,Philadelphia Phillies,4,C-1B-,C,175,B,R,11/9/91,"Granite Bay,CA",2013,2,53,PHI,MLB,2017,2020,96,4,9,NA,NA,NA,1
2016,97,Tom Murphy,Colorado Rockies,7,C-DH-,C,200,R,R,4/3/91,"West Monroe,NY",2012,3,105,COL,MLB,2015,2019,97,7,10,NA,NA,NA,1
2016,98,Tyler Stephenson,Cincinnati Reds,5,C,C,225,R,R,8/16/96,"Kennesaw,GA",2015,1,11,CIN,MLB,2020,2020,98,5,7,NA,NA,NA,1
2016,99,Jorge Polanco,Minnesota Twins,6,SS-DH,SS,165,B,R,7/5/93,"San Pedro de Macoris,DR",2009,0,0,MIN,MLB,2014,2020,99,6,97,6,NA,NA,1
2016,88,Cornelius Randolph,Philadelphia Phillies,6,LF-RF,LF,205,L,R,6/2/97,"Griffin,GA",2015,1,10,PHI,AA,NA,NA,88,6,84,5,NA,NA,0
2017,1,Andrew Benintendi,Boston Red Sox,1,LF-OF,LF,180,L,L,7/6/94,"Cincinnati,OH",2015,1,7,BOS,MLB,2016,2020,1,1,1,1,NA,NA,1
2017,2,Yoan Moncada,Chicago White Sox,2,2B-3B,2B,205,B,R,5/27/95,"Abreus,CU",2015,0,0,BOS,MLB,2016,2020,2,2,2,1,NA,NA,1
2017,3,Dansby Swanson,Atlanta Braves,1,SS,SS,190,R,R,2/11/94,"Marietta,GA",2015,1,1,ARI,MLB,2016,2020,3,1,4,1,NA,NA,1
2017,7,Cody Bellinger,Los Angeles Dodgers,1,1B-RF,1B,180,L,L,7/13/95,"Chandler,AZ",2013,4,124,LAN,MLB,2017,2020,7,1,12,1,NA,NA,1
2017,8,Amed Rosario,New York Mets,1,SS-DH,SS,170,R,R,11/20/95,"Santo Domingo,DR",2012,0,0,NYN,MLB,2017,2020,8,1,5,1,NA,NA,1
2017,11,Ozzie Albies,Atlanta Braves,2,2B,2B,165,B,R,1/7/97,"Willemstad,CC",2013,0,0,ATL,MLB,2017,2020,11,2,10,2,NA,NA,1
2017,17,Mickey Moniak,Philadelphia Phillies,2,CF-RF,CF,185,L,R,5/13/98,"Encinitas,CA",2016,1,1,PHI,MLB,2020,2020,17,2,19,2,NA,NA,1
2017,18,Rafael Devers,Boston Red Sox,3,3B-DH,3B,240,L,R,10/24/96,"Sanchez,DR",2013,0,0,BOS,MLB,2017,2020,18,3,17,2,NA,NA,1
2017,24,Manuel Margot,San Diego Padres,2,CF-OF,CF,170,R,R,9/28/94,"San Cristobal,DR",2011,0,0,BOS,MLB,2016,2020,24,2,23,1,NA,NA,1
2017,35,Josh Bell,Pittsburgh Pirates,4,1B-DH,1B,195,B,R,8/14/92,"Irving,TX",2011,2,61,PIT,MLB,2016,2020,35,4,27,3,NA,NA,1
2017,39,Clint Frazier,New York Yankees,2,LF-RF,LF,185,R,R,9/6/94,"Loganville,GA",2013,1,5,CLE,MLB,2017,2020,39,2,24,2,NA,NA,1
2017,41,Jorge Alfaro,Philadelphia Phillies,3,C-3B-,C,185,R,R,6/11/93,"Sincelejo,CB",2010,0,0,TEX,MLB,2016,2020,41,3,72,3,NA,NA,1
2017,44,Hunter Renfroe,San Diego Padres,3,RF-LF,RF,211,R,R,1/28/92,"Jackson,MS",2013,1,13,SDN,MLB,2016,2020,44,3,42,3,NA,NA,1
2017,49,Raimel Tapia,Colorado Rockies,4,LF-CF,LF,160,L,L,2/4/94,"San Pedro de Macoris,DR",2010,0,0,COL,MLB,2016,2020,49,4,90,5,NA,NA,1
2017,55,Kevin Newman,Pittsburgh Pirates,5,SS-2B,SS,180,R,R,8/4/93,"Poway,CA",2015,1,19,PIT,MLB,2018,2020,55,5,59,5,NA,NA,1
2017,56,Zack Collins,Chicago White Sox,1,C-1B-,C,210,L,R,2/6/95,"Pembroke Pines,FL",2016,1,10,CHA,MLB,2019,2020,56,1,81,6,NA,NA,1
2017,62,Bradley Zimmer,Cleveland Indians,2,CF-OF,CF,185,L,R,11/27/92,"La Jolla,CA",2014,1,21,CLE,MLB,2017,2020,62,2,22,1,NA,NA,1
2017,63,Ian Happ,Chicago Cubs,2,CF-OF,CF,205,B,R,8/12/94,"Pittsburgh,PA",2015,1,9,CHN,MLB,2017,2020,63,2,28,2,NA,NA,1
2017,64,Albert Almora,Chicago Cubs,3,CF-OF,CF,180,R,R,4/16/94,"Hialeah,FL",2012,1,6,CHN,MLB,2016,2020,64,3,75,3,NA,NA,1
2017,71,Dominic Smith,New York Mets,2,1B-LF,1B,185,L,L,6/15/95,"Los Angeles,CA",2013,1,11,NYN,MLB,2017,2020,71,2,63,2,NA,NA,1
2017,72,AJ Reed,Houston Astros,5,1B-DH,1B,230,L,L,5/10/93,"Terre Haute,IN",2014,2,42,HOU,MLB,2016,2019,72,5,NA,NA,NA,NA,1
2017,73,Lourdes Gurriel,Toronto Blue Jays,---,SS-LF,LF,185,R,R,10/19/93,"Sancti Spiritus,CU",2016,0,0,TOR,MLB,2018,2020,73,NA,NA,NA,NA,NA,1
2017,90,Aaron Judge,New York Yankees,6,RF-OF,RF,282,R,R,4/26/92,"Sacramento,CA",2013,1,32,NYA,MLB,2016,2020,90,6,45,4,NA,NA,1
2017,93,Isan Diaz,Milwaukee Brewers,5,2B,2B,185,L,R,5/27/96,"Springfield,MA",2014,2,70,ARI,MLB,2019,2020,93,5,65,5,NA,NA,1
2017,94,Matt Chapman,Oakland Athletics,3,3B,3B,195,R,R,4/28/93,"Victorville,CA",2014,1,25,OAK,MLB,2017,2020,94,3,100,4,NA,NA,1
2017,95,Rowdy Tellez,Toronto Blue Jays,6,1B-DH,1B,220,L,L,3/16/95,"Elk Grove,CA",2013,30,895,TOR,MLB,2018,2020,95,6,5,NA,NA,NA,1
2017,42,Corey Ray,Milwaukee Brewers,4,CF-RF,CF,185,L,L,9/22/94,"Chicago,IL",2016,1,5,MIL,AAA,NA,NA,42,4,30,2,NA,NA,0
2017,45,Blake Rutherford,New York Yankees,3,RF-LF,RF,195,L,R,5/2/97,"Simi Valley,CA",2016,1,18,NYA,AA,NA,NA,45,3,37,3,NA,NA,0
2017,74,Casey Gillaspie,Tampa Bay Rays,3,1B,1B,230,B,L,1/25/93,"Milwaukee,WI",2014,1,20,TBA,AAA,NA,NA,74,3,5,NA,NA,NA,0
2017,77,Kevin Maitan,Atlanta Braves,7,3B-SS,3B,190,B,R,2/12/00,"Puerto Cabello,VZ",2016,0,0,ATL,A,NA,NA,77,7,32,3,NA,NA,0
2017,86,Delvin Perez,St. Louis Cardinals,3,SS,SS,165,R,R,11/24/98,"San Juan,PR",2016,1,23,SLN,A,NA,NA,86,3,91,4,NA,NA,0
2018,1,Ronald Acuna,Atlanta Braves,1,LF-CF,LF,205,R,R,12/18/97,"La Guaira,VZ",2014,0,0,ATL,MLB,2018,2020,1,1,2,2,1,NA,1
2018,2,Shohei Ohtani,Los Angeles Angels,1,DH-P,RF,198,L,R,7/5/94,"Iwate,JP",2017,0,0,ANA,MLB,2018,2020,2,1,1,1,1,NA,1
2018,3,Vladimir Guerrero,Toronto Blue Jays,1,3B-DH,3B,200,R,R,3/16/99,"Montreal,QC",2015,0,0,TOR,MLB,2019,2020,3,1,3,3,1,NA,1
2018,4,Eloy Jimenez,Chicago White Sox,1,LF-RF,LF,205,R,R,11/27/96,"Santo Domingo,DR",2013,0,0,CHN,MLB,2019,2020,4,1,6,4,1,NA,1
2018,5,Victor Robles,Washington Nationals,1,CF-OF,CF,185,R,R,5/19/97,"Santo Domingo,DR",2013,0,0,WAS,MLB,2017,2020,5,1,4,6,1,NA,1
2018,6,Gleyber Torres,New York Yankees,1,2B-SS,2B,175,R,R,12/13/96,"Caracas,VZ",2013,0,0,CHN,MLB,2018,2020,6,1,12,5,1,NA,1
2018,7,Nick Senzel,Cincinnati Reds,1,CF-2B,CF,205,R,R,6/29/95,"Atlanta,GA",2016,1,2,CIN,MLB,2019,2020,7,1,7,7,1,NA,1
2018,8,Bo Bichette,Toronto Blue Jays,2,SS-2B,SS,201,R,R,3/5/98,"Orlando,FL",2016,2,66,TOR,MLB,2019,2020,8,2,9,14,2,NA,1
2018,9,Fernando Tatis,San Diego Padres,1,SS,SS,185,R,R,1/2/99,"San Pedro de Macoris,DR",2015,0,0,CHA,MLB,2019,2020,9,1,5,8,1,NA,1
2018,15,Kyle Tucker,Houston Astros,2,RF-LF,RF,190,L,R,1/17/97,"Tampa,FL",2015,1,5,HOU,MLB,2018,2020,15,2,10,17,2,NA,1
2018,16,JP Crawford,Philadelphia Phillies,1,SS-3B,SS,180,L,R,1/11/95,"Lakewood,CA",2013,1,16,PHI,MLB,2017,2020,16,1,29,37,3,NA,1
2018,18,Lewis Brinson,Milwaukee Brewers,1,CF-OF,CF,170,R,R,5/8/94,"Tamarac,FL",2012,1,29,TEX,MLB,2017,2020,18,1,13,27,1,NA,1
2018,19,Willy Adames,Tampa Bay Rays,2,SS-2B,SS,180,R,R,9/2/95,"Santiago,DR",2012,0,0,DET,MLB,2018,2020,19,2,11,22,2,NA,1
2018,20,Francisco Mejia,Cleveland Indians,1,C-LF-,C,175,B,R,10/27/95,"Bani,DR",2012,0,0,CLE,MLB,2017,2020,20,1,17,11,1,NA,1
2018,21,Austin Hays,Baltimore Orioles,1,CF-RF,CF,205,R,R,7/5/95,"Port Orange,FL",2016,3,91,BAL,MLB,2017,2020,21,1,90,23,1,NA,1
2018,22,Brendan Rodgers,Colorado Rockies,1,SS-2B,SS,180,R,R,8/9/96,"Lake Mary,FL",2015,1,3,COL,MLB,2019,2020,22,1,18,15,1,NA,1
2018,31,Scott Kingery,Philadelphia Phillies,3,SS-CF,SS,180,R,R,4/29/94,"Phoenix,AZ",2015,2,48,PHI,MLB,2018,2020,31,3,25,35,2,NA,1
2018,32,Luis Urias,San Diego Padres,6,2B-SS,2B,160,R,R,6/3/97,"Magdalena de Kino,MX",2013,0,0,SDN,MLB,2018,2020,32,6,28,36,3,NA,1
2018,36,Willie Calhoun,Texas Rangers,1,LF-OF,LF,177,L,R,11/4/94,"Vallejo,CA",2015,4,132,LAN,MLB,2017,2020,36,1,46,53,2,NA,1
2018,37,Alex Verdugo,Los Angeles Dodgers,2,CF-RF,RF,192,L,L,5/15/96,"Tucson,AZ",2014,2,62,LAN,MLB,2017,2020,37,2,48,33,2,NA,1
2018,38,Estevan Florial,New York Yankees,2,CF-RF,CF,185,L,R,11/25/97,"Port-Au-Prince,HT",2014,0,0,NYA,MLB,2020,2020,38,2,79,44,2,NA,1
2018,39,Brendan McKay,Tampa Bay Rays,3,P-1B-,1B,212,L,L,12/18/95,"Darlington,PA",2017,1,4,TBA,MLB,2019,2019,39,3,22,25,3,NA,1
2018,40,Keibert Ruiz,Los Angeles Dodgers,3,C,C,165,B,R,7/20/98,"Valencia,VZ",2014,0,0,LAN,MLB,2020,2020,40,3,52,3,NA,NA,1
2018,43,Franklin Barreto,Oakland Athletics,2,2B-SS,2B,174,R,R,2/27/96,"Caracas,VZ",2012,0,0,TOR,MLB,2017,2020,43,2,32,66,3,NA,1
2018,44,Austin Meadows,Pittsburgh Pirates,2,RF-LF,RF,195,L,L,5/3/95,"Atlanta,GA",2013,1,9,PIT,MLB,2018,2020,44,2,47,45,2,NA,1
2018,45,Jake Bauers,Tampa Bay Rays,4,1B-LF,1B,195,L,L,10/6/95,"Huntington Beach,CA",2013,7,208,SDN,MLB,2018,2019,45,4,43,64,5,NA,1
2018,46,Jo Adell,Los Angeles Angels,2,CF-RF,RF,195,R,R,4/8/99,"Louisville,KY",2017,1,10,ANA,MLB,2020,2020,46,2,66,62,2,NA,1
2018,47,Keston Hiura,Milwaukee Brewers,4,2B,2B,185,R,R,8/2/96,"Valencia,CA",2017,1,9,MIL,MLB,2019,2020,47,4,24,56,1,NA,1
2018,49,Jesus Sanchez,Tampa Bay Rays,5,RF-CF,RF,210,L,R,10/7/97,"Higuey,DR",2014,0,0,TBA,MLB,2020,2020,49,5,49,57,4,NA,1
2018,51,Leody Taveras,Texas Rangers,2,CF-RF,CF,170,B,R,9/8/98,"Tenares,DR",2015,0,0,TEX,MLB,2020,2020,51,2,86,34,1,NA,1
2018,54,Austin Riley,Atlanta Braves,6,3B-LF,3B,240,R,R,4/2/97,"Southaven,MS",2015,1,41,ATL,MLB,2019,2020,54,6,55,97,8,NA,1
2018,55,Carson Kelly,St. Louis Cardinals,3,C-1B-,C,210,R,R,7/14/94,"Portland,OR",2012,2,86,SLN,MLB,2016,2020,55,3,85,46,3,NA,1
2018,56,Juan Soto,Washington Nationals,2,LF-OF,LF,185,L,L,10/25/98,"Santo Domingo,DR",2015,0,0,WAS,MLB,2018,2020,56,2,50,29,2,NA,1
2018,58,Luis Robert,Chicago White Sox,4,CF-RF,CF,185,R,R,8/3/97,"La Habana,CU",2017,0,0,CHA,MLB,2020,2020,58,4,21,28,3,NA,1
2018,59,Miguel Andujar,New York Yankees,5,3B-DH,3B,175,R,R,3/2/95,"San Cristobal,DR",2011,0,0,NYA,MLB,2017,2020,59,5,14,65,4,NA,1
2018,60,Anthony Alford,Toronto Blue Jays,3,CF-RF,CF,205,R,R,7/20/94,"Columbia,MS",2012,3,112,TOR,MLB,2017,2020,60,3,36,47,3,NA,1
2018,62,Yordan Alvarez,Houston Astros,3,LF-DH,LF,225,L,L,6/27/97,"Las Tunas,CU",2016,0,0,LAN,MLB,2019,2020,62,3,44,4,NA,NA,1
2018,63,Ryan McMahon,Colorado Rockies,2,2B-1B,2B,185,L,R,12/14/94,"Yorba Linda,CA",2013,2,42,COL,MLB,2017,2020,63,2,83,41,2,NA,1
2018,64,Jorge Mateo,Oakland Athletics,3,SS-2B,SS,188,R,R,6/23/95,"Santo Domingo,DR",2012,0,0,NYA,MLB,2020,2020,64,3,58,72,4,NA,1
2018,67,Kyle Lewis,Seattle Mariners,1,CF-LF,CF,195,R,R,7/13/95,"Snellville,GA",2016,1,11,SEA,MLB,2019,2020,67,1,70,1,NA,NA,1
2018,68,Chance Sisco,Baltimore Orioles,3,C-DH-,C,195,L,R,2/24/95,"Corona,CA",2013,2,61,BAL,MLB,2017,2020,68,3,3,NA,NA,NA,1
2018,71,Ryan Mountcastle,Baltimore Orioles,2,3B-1B,3B,210,R,R,2/18/97,"Winter Springs,FL",2015,1,36,BAL,MLB,2020,2020,71,2,98,2,NA,NA,1
2018,75,Monte Harrison,Milwaukee Brewers,5,CF-RF,RF,200,R,R,8/10/95,"Lees Summit,MO",2014,2,50,MIL,MLB,2020,2020,75,5,52,71,2,NA,1
2018,80,Brett Phillips,Milwaukee Brewers,7,RF-CF,CF,175,L,R,5/30/94,"Seminole,FL",2012,6,189,HOU,MLB,2017,2020,80,7,6,NA,NA,NA,1
2018,85,Michael Chavis,Boston Red Sox,2,1B-2B,1B,210,R,R,8/11/95,"Marietta,GA",2014,1,26,BOS,MLB,2019,2020,85,2,95,79,1,NA,1
2018,86,Tyler O'Neill,St. Louis Cardinals,5,LF-RF,LF,205,R,R,6/22/95,"Maple Ridge,BC",2013,3,85,SEA,MLB,2018,2020,86,5,61,94,4,NA,1
2018,88,Dustin Fowler,Oakland Athletics,4,CF-OF,CF,185,L,L,12/29/94,"Dublin,GA",2013,18,554,NYA,MLB,2017,2018,88,4,63,5,NA,NA,1
2018,89,Jahmai Jones,Los Angeles Angels,3,2B-CF,2B,210,R,R,8/4/97,"Norcross,GA",2015,2,70,ANA,MLB,2020,2020,89,3,69,93,4,NA,1
2018,92,Brent Rooker,Minnesota Twins,7,LF-1B,1B,210,R,R,11/1/94,"Germantown,TN",2017,1,35,MIN,MLB,2020,2020,92,7,8,NA,NA,NA,1
2018,94,Andres Gimenez,New York Mets,1,SS-2B,SS,165,L,R,9/4/98,"Barquisimeto,VZ",2015,0,0,NYN,MLB,2020,2020,94,1,1,NA,NA,NA,1
2018,98,Jesse Winker,Cincinnati Reds,5,LF-OF,LF,200,L,L,8/17/93,"Windermere,FL",2012,1,49,CIN,MLB,2017,2020,98,5,82,4,NA,NA,1
2018,100,Adam Haseley,Philadelphia Phillies,5,CF-LF,CF,195,L,L,4/12/96,"Windermere,FL",2017,1,8,PHI,MLB,2019,2020,100,5,95,6,NA,NA,1
2018,24,Royce Lewis,Minnesota Twins,1,SS-2B,SS,185,R,R,6/5/99,"Aliso Viejo,CA",2017,1,1,MIN,AA,NA,NA,24,1,38,20,1,NA,0
2018,48,Taylor Trammell,Cincinnati Reds,3,LF-CF,LF,194,L,L,9/13/97,"Powder Springs,GA",2016,1,35,CIN,AA,NA,NA,48,3,57,43,3,NA,0
2018,79,Heliot Ramos,San Francisco Giants,1,CF,CF,188,R,R,9/7/99,"Maunabo,PR",2017,1,19,SFN,AA,NA,NA,79,1,63,1,NA,NA,0
2018,93,Nick Gordon,Minnesota Twins,8,SS-2B,SS,175,L,R,10/24/95,"Avon Park,FL",2014,1,5,MIN,AAA,NA,NA,93,8,77,80,4,NA,0
2018,95,Wander Javier,Minnesota Twins,2,SS,SS,180,R,R,12/29/98,"Bonao,DR",2015,0,0,MIN,A,NA,NA,95,2,5,NA,NA,NA,0
2018,96,Wander Franco,Tampa Bay Rays,6,SS,SS,190,B,R,3/1/01,"Bani,DR",2017,0,0,TBA,A+,NA,NA,96,6,8,NA,NA,NA,0